mode,scenario,seed,policy,gain_fee_pips,mean_applied_fee_pips,lp_fee_revenue_quote_wad,lp_net_pnl_quote_wad,realized_adverse_markout_quote_wad,false_positive_rate_wad,false_negative_rate_wad,requested_notional_quote_wad,executed_notional_quote_wad,volume_lost_quote_wad,volume_retained_rate_wad,benign_volume_retained_rate_wad,toxic_volume_retained_rate_wad,retained_event_count,coverage_eligible_epochs,coverage_deficit_epochs,latest_coverage_ratio_wad
inelastic,benign_noise,101,thetashield,500000,500,1803500000000000000,2525346119924357661,303998643039986400,0,,3607000000000000000000,3607000000000000000000,0,1000000000000000000,1000000000000000000,1000000000000000000,240,0,0,
inelastic,benign_noise,101,coverage_thetashield,450000,500,1803500000000000000,2525346119924357661,303998643039986400,0,,3607000000000000000000,3607000000000000000000,0,1000000000000000000,1000000000000000000,1000000000000000000,240,20,0,14569971428571430028
inelastic,benign_noise,211,thetashield,500000,500,1701000000000000000,1479273501877608684,312406383124063800,0,,3402000000000000000000,3402000000000000000000,0,1000000000000000000,1000000000000000000,1000000000000000000,240,0,0,
inelastic,benign_noise,211,coverage_thetashield,450000,500,1701000000000000000,1479273501877608684,312406383124063800,0,,3402000000000000000000,3402000000000000000000,0,1000000000000000000,1000000000000000000,1000000000000000000,240,20,0,3943267605633803211
inelastic,benign_noise,307,thetashield,500000,500,1894500000000000000,2234056708906328166,345604203456042000,0,,3789000000000000000000,3789000000000000000000,0,1000000000000000000,1000000000000000000,1000000000000000000,240,0,0,
inelastic,benign_noise,307,coverage_thetashield,450000,500,1894500000000000000,2234056708906328166,345604203456042000,0,,3789000000000000000000,3789000000000000000000,0,1000000000000000000,1000000000000000000,1000000000000000000,240,21,0,5987773255813954087
inelastic,benign_noise,401,thetashield,500000,500,1761500000000000000,3786357297790390868,296099012960990100,0,,3523000000000000000000,3523000000000000000000,0,1000000000000000000,1000000000000000000,1000000000000000000,240,0,0,
inelastic,benign_noise,401,coverage_thetashield,450000,500,1761500000000000000,3786357297790390868,296099012960990100,0,,3523000000000000000000,3523000000000000000000,0,1000000000000000000,1000000000000000000,1000000000000000000,240,21,0,3147833333333333648
inelastic,benign_noise,503,thetashield,500000,500,1796000000000000000,1759936850654911065,283901092839010900,0,,3592000000000000000000,3592000000000000000000,0,1000000000000000000,1000000000000000000,1000000000000000000,240,0,0,
inelastic,benign_noise,503,coverage_thetashield,450000,500,1796000000000000000,1759936850654911065,283901092839010900,0,,3592000000000000000000,3592000000000000000000,0,1000000000000000000,1000000000000000000,1000000000000000000,240,21,0,3006028481012658528
inelastic,persistent_informed_buying,101,thetashield,500000,865,3112476000000000000,-1400323711671588794612,13449867514498673800,179104477611940298,289017341040462427,3578000000000000000000,3578000000000000000000,0,1000000000000000000,1000000000000000000,1000000000000000000,240,0,0,
inelastic,persistent_informed_buying,101,coverage_thetashield,450000,855,3075994000000000000,-1400360193671588794612,13449867514498673800,179104477611940298,289017341040462427,3578000000000000000000,3578000000000000000000,0,1000000000000000000,1000000000000000000,1000000000000000000,240,21,21,234154073793615465
inelastic,persistent_informed_buying,211,thetashield,500000,678,2353497000000000000,-1466366379115384226588,12595649675956495500,118421052631578947,518292682926829268,3438000000000000000000,3438000000000000000000,0,1000000000000000000,1000000000000000000,1000000000000000000,240,0,0,
inelastic,persistent_informed_buying,211,coverage_thetashield,450000,677,2350723000000000000,-1466369153115384226588,12595649675956495500,118421052631578947,518292682926829268,3438000000000000000000,3438000000000000000000,0,1000000000000000000,1000000000000000000,1000000000000000000,240,22,22,198567551293029648
inelastic,persistent_informed_buying,307,thetashield,500000,809,2883587000000000000,-1539532941252347810730,12952515009525148800,246575342465753424,341317365269461077,3582000000000000000000,3582000000000000000000,0,1000000000000000000,1000000000000000000,1000000000000000000,240,0,0,
inelastic,persistent_informed_buying,307,coverage_thetashield,450000,800,2853205000000000000,-1539563323252347810730,12952515009525148800,246575342465753424,341317365269461077,3582000000000000000000,3582000000000000000000,0,1000000000000000000,1000000000000000000,1000000000000000000,240,21,21,132199778335005028
inelastic,persistent_informed_buying,401,thetashield,500000,907,3267049000000000000,-1796865565311520963865,13813327948133278100,142857142857142857,355932203389830508,3598000000000000000000,3598000000000000000000,0,1000000000000000000,1000000000000000000,1000000000000000000,240,0,0,
inelastic,persistent_informed_buying,401,coverage_thetashield,450000,891,3210199000000000000,-1796922415311520963865,13813327948133278100,142857142857142857,355932203389830508,3598000000000000000000,3598000000000000000000,0,1000000000000000000,1000000000000000000,1000000000000000000,240,22,22,430814908169014127
inelastic,persistent_informed_buying,503,thetashield,500000,912,3160764000000000000,-1006400520284457480533,12489863754898636300,126760563380281690,307692307692307692,3402000000000000000000,3402000000000000000000,0,1000000000000000000,1000000000000000000,1000000000000000000,240,0,0,
inelastic,persistent_informed_buying,503,coverage_thetashield,450000,897,3107338000000000000,-1006453946284457480533,12489863754898636300,126760563380281690,307692307692307692,3402000000000000000000,3402000000000000000000,0,1000000000000000000,1000000000000000000,1000000000000000000,240,22,20,328611261056863904
inelastic,persistent_informed_selling,101,thetashield,500000,967,3599045000000000000,-924421901798084034472,14011493050114929100,126984126984126984,293785310734463276,3701000000000000000000,3701000000000000000000,0,1000000000000000000,1000000000000000000,1000000000000000000,240,0,0,
inelastic,persistent_informed_selling,101,coverage_thetashield,450000,946,3520124000000000000,-924500822798084034472,14011493050114929100,126984126984126984,293785310734463276,3701000000000000000000,3701000000000000000000,0,1000000000000000000,1000000000000000000,1000000000000000000,240,21,21,1250000000000000000
inelastic,persistent_informed_selling,211,thetashield,500000,802,2759423000000000000,-662698418053154746697,12426331494263313700,219178082191780821,341317365269461077,3407000000000000000000,3407000000000000000000,0,1000000000000000000,1000000000000000000,1000000000000000000,240,0,0,
inelastic,persistent_informed_selling,211,coverage_thetashield,450000,795,2734807000000000000,-662723034053154746697,12426331494263313700,219178082191780821,341317365269461077,3407000000000000000000,3407000000000000000000,0,1000000000000000000,1000000000000000000,1000000000000000000,240,22,21,277041258620689682
inelastic,persistent_informed_selling,307,thetashield,500000,840,3060371000000000000,-915441396733925328493,13814969678149695400,153846153846153846,342857142857142857,3621000000000000000000,3621000000000000000000,0,1000000000000000000,1000000000000000000,1000000000000000000,240,0,0,
inelastic,persistent_informed_selling,307,coverage_thetashield,450000,829,3023185000000000000,-915478582733925328493,13814969678149695400,153846153846153846,342857142857142857,3621000000000000000000,3621000000000000000000,0,1000000000000000000,1000000000000000000,1000000000000000000,240,21,21,232776327111984306
inelastic,persistent_informed_selling,401,thetashield,500000,779,2785195000000000000,-818838628931582272459,12778864447788643200,225352112676056338,408284023668639053,3603000000000000000000,3603000000000000000000,0,1000000000000000000,1000000000000000000,1000000000000000000,240,0,0,
inelastic,persistent_informed_selling,401,coverage_thetashield,450000,773,2766362000000000000,-818857461931582272459,12778864447788643200,225352112676056338,408284023668639053,3603000000000000000000,3603000000000000000000,0,1000000000000000000,1000000000000000000,1000000000000000000,240,21,21,191248654994528704
inelastic,persistent_informed_selling,503,thetashield,500000,858,2987287000000000000,-843244066392763983788,12766465067664649400,128571428571428571,311764705882352941,3500000000000000000000,3500000000000000000000,0,1000000000000000000,1000000000000000000,1000000000000000000,240,0,0,
inelastic,persistent_informed_selling,503,coverage_thetashield,450000,849,2953427000000000000,-843277926392763983788,12766465067664649400,128571428571428571,311764705882352941,3500000000000000000000,3500000000000000000000,0,1000000000000000000,1000000000000000000,1000000000000000000,240,22,21,2235071969696969920
inelastic,alternating_toxicity,101,thetashield,500000,500,1812000000000000000,-10181082621384828386,12625460016254598900,0,1000000000000000000,3624000000000000000000,3624000000000000000000,0,1000000000000000000,1000000000000000000,1000000000000000000,240,0,0,
inelastic,alternating_toxicity,101,coverage_thetashield,450000,500,1812000000000000000,-10181082621384828386,12625460016254598900,0,1000000000000000000,3624000000000000000000,3624000000000000000000,0,1000000000000000000,1000000000000000000,1000000000000000000,240,21,20,170923076923076940
inelastic,alternating_toxicity,211,thetashield,500000,554,2135657000000000000,5291333648225554633,13502536935025368000,128205128205128205,895061728395061728,3849000000000000000000,3849000000000000000000,0,1000000000000000000,1000000000000000000,1000000000000000000,240,0,0,
inelastic,alternating_toxicity,211,coverage_thetashield,450000,554,2137506000000000000,5293182648225554633,13502536935025368000,128205128205128205,895061728395061728,3849000000000000000000,3849000000000000000000,0,1000000000000000000,1000000000000000000,1000000000000000000,240,21,21,174748917661847911
inelastic,alternating_toxicity,307,thetashield,500000,500,1891500000000000000,4701530905830380217,12421379654213795300,0,1000000000000000000,3783000000000000000000,3783000000000000000000,0,1000000000000000000,1000000000000000000,1000000000000000000,240,0,0,
inelastic,alternating_toxicity,307,coverage_thetashield,450000,500,1891500000000000000,4701530905830380217,12421379654213795300,0,1000000000000000000,3783000000000000000000,3783000000000000000000,0,1000000000000000000,1000000000000000000,1000000000000000000,240,22,22,137577758141883376
inelastic,alternating_toxicity,401,thetashield,500000,500,1797000000000000000,8916104226296832874,12309563123095630000,0,1000000000000000000,3594000000000000000000,3594000000000000000000,0,1000000000000000000,1000000000000000000,1000000000000000000,240,0,0,
inelastic,alternating_toxicity,401,coverage_thetashield,450000,500,1797000000000000000,8916104226296832874,12309563123095630000,0,1000000000000000000,3594000000000000000000,3594000000000000000000,0,1000000000000000000,1000000000000000000,1000000000000000000,240,22,22,116996239030505653
inelastic,alternating_toxicity,503,thetashield,500000,523,1822594000000000000,-18751654074808057179,12407949324079492000,40000000000000000,945454545454545454,3456000000000000000000,3456000000000000000000,0,1000000000000000000,1000000000000000000,1000000000000000000,240,0,0,
inelastic,alternating_toxicity,503,coverage_thetashield,450000,524,1824215000000000000,-18750033074808057179,12407949324079492000,40000000000000000,945454545454545454,3456000000000000000000,3456000000000000000000,0,1000000000000000000,1000000000000000000,1000000000000000000,240,21,21,112521844660194186
inelastic,high_volatility_uninformed,101,thetashield,500000,500,1835500000000000000,-6877930896764842140,3541269135412691000,0,,3671000000000000000000,3671000000000000000000,0,1000000000000000000,1000000000000000000,1000000000000000000,240,0,0,
inelastic,high_volatility_uninformed,101,coverage_thetashield,450000,500,1835500000000000000,-6877930896764842140,3541269135412691000,0,,3671000000000000000000,3671000000000000000000,0,1000000000000000000,1000000000000000000,1000000000000000000,240,21,18,534178041543026759
inelastic,high_volatility_uninformed,211,thetashield,500000,500,1715000000000000000,4838310221706952876,3316305263163052300,0,,3430000000000000000000,3430000000000000000000,0,1000000000000000000,1000000000000000000,1000000000000000000,240,0,0,
inelastic,high_volatility_uninformed,211,coverage_thetashield,450000,500,1715000000000000000,4838310221706952876,3316305263163052300,0,,3430000000000000000000,3430000000000000000000,0,1000000000000000000,1000000000000000000,1000000000000000000,240,21,19,1624837500000000162
inelastic,high_volatility_uninformed,307,thetashield,500000,500,1799500000000000000,806076486997930594,3822528428225283900,0,,3599000000000000000000,3599000000000000000000,0,1000000000000000000,1000000000000000000,1000000000000000000,240,0,0,
inelastic,high_volatility_uninformed,307,coverage_thetashield,450000,500,1799500000000000000,806076486997930594,3822528428225283900,0,,3599000000000000000000,3599000000000000000000,0,1000000000000000000,1000000000000000000,1000000000000000000,240,20,20,264962794432548206
inelastic,high_volatility_uninformed,401,thetashield,500000,500,1851500000000000000,3143852978858659902,3691556836915568000,0,,3703000000000000000000,3703000000000000000000,0,1000000000000000000,1000000000000000000,1000000000000000000,240,0,0,
inelastic,high_volatility_uninformed,401,coverage_thetashield,450000,500,1851500000000000000,3143852978858659902,3691556836915568000,0,,3703000000000000000000,3703000000000000000000,0,1000000000000000000,1000000000000000000,1000000000000000000,240,21,20,508556338028169064
inelastic,high_volatility_uninformed,503,thetashield,500000,500,1873500000000000000,-8033856168764416295,3431643704316436700,0,,3747000000000000000000,3747000000000000000000,0,1000000000000000000,1000000000000000000,1000000000000000000,240,0,0,
inelastic,high_volatility_uninformed,503,coverage_thetashield,450000,500,1873500000000000000,-8033856168764416295,3431643704316436700,0,,3747000000000000000000,3747000000000000000000,0,1000000000000000000,1000000000000000000,1000000000000000000,240,21,18,2095028571428571638
inelastic,toxic_volatility_burst,101,thetashield,500000,553,2097091000000000000,-59474526373927859796,5068252440682523900,81521739130434782,875000000000000000,3793000000000000000000,3793000000000000000000,0,1000000000000000000,1000000000000000000,1000000000000000000,240,0,0,
inelastic,toxic_volatility_burst,101,coverage_thetashield,450000,552,2091211000000000000,-59480406373927859796,5068252440682523900,81521739130434782,875000000000000000,3793000000000000000000,3793000000000000000000,0,1000000000000000000,1000000000000000000,1000000000000000000,240,20,7,2749725000000000274
inelastic,toxic_volatility_burst,211,thetashield,500000,500,1782500000000000000,-212278897937394704761,5238413042384129900,0,1000000000000000000,3565000000000000000000,3565000000000000000000,0,1000000000000000000,1000000000000000000,1000000000000000000,240,0,0,
inelastic,toxic_volatility_burst,211,coverage_thetashield,450000,500,1782500000000000000,-212278897937394704761,5238413042384129900,0,1000000000000000000,3565000000000000000000,3565000000000000000000,0,1000000000000000000,1000000000000000000,1000000000000000000,240,22,8,2076204318936877284
inelastic,toxic_volatility_burst,307,thetashield,500000,557,1958636000000000000,-93176170004831224200,5696773666967736100,97826086956521739,910714285714285714,3513000000000000000000,3513000000000000000000,0,1000000000000000000,1000000000000000000,1000000000000000000,240,0,0,
inelastic,toxic_volatility_burst,307,coverage_thetashield,450000,555,1951272000000000000,-93183534004831224200,5696773666967736100,97826086956521739,910714285714285714,3513000000000000000000,3513000000000000000000,0,1000000000000000000,1000000000000000000,1000000000000000000,240,21,7,3758545751633987303
inelastic,toxic_volatility_burst,401,thetashield,500000,543,1932531000000000000,-95124211210835099892,5345402923454028700,76086956521739130,875000000000000000,3543000000000000000000,3543000000000000000000,0,1000000000000000000,1000000000000000000,1000000000000000000,240,0,0,
inelastic,toxic_volatility_burst,401,coverage_thetashield,450000,542,1928899000000000000,-95127843210835099892,5345402923454028700,76086956521739130,875000000000000000,3543000000000000000000,3543000000000000000000,0,1000000000000000000,1000000000000000000,1000000000000000000,240,21,7,11469441176470589382
inelastic,toxic_volatility_burst,503,thetashield,500000,553,1917307000000000000,-75697806286549489061,5542097655420976000,59782608695652173,642857142857142857,3481000000000000000000,3481000000000000000000,0,1000000000000000000,1000000000000000000,1000000000000000000,240,0,0,
inelastic,toxic_volatility_burst,503,coverage_thetashield,450000,553,1916490000000000000,-75698623286549489061,5542097655420976000,59782608695652173,642857142857142857,3481000000000000000000,3481000000000000000000,0,1000000000000000000,1000000000000000000,1000000000000000000,240,20,7,4028723300970874189
inelastic,neutral_inside_attack,101,thetashield,500000,758,2798062000000000000,-810415026993392503193,10697046396970462900,173076923076923076,389705882352941176,3698000000000000000000,3698000000000000000000,0,1000000000000000000,1000000000000000000,1000000000000000000,240,0,0,
inelastic,neutral_inside_attack,101,coverage_thetashield,450000,750,2771845000000000000,-810441243993392503193,10697046396970462900,173076923076923076,389705882352941176,3698000000000000000000,3698000000000000000000,0,1000000000000000000,1000000000000000000,1000000000000000000,240,21,17,4411323529411765147
inelastic,neutral_inside_attack,211,thetashield,500000,793,2791302000000000000,-901675042180943401363,10667647436676473300,207920792079207920,381294964028776978,3528000000000000000000,3528000000000000000000,0,1000000000000000000,1000000000000000000,1000000000000000000,240,0,0,
inelastic,neutral_inside_attack,211,coverage_thetashield,450000,784,2758233000000000000,-901708111180943401363,10667647436676473300,207920792079207920,381294964028776978,3528000000000000000000,3528000000000000000000,0,1000000000000000000,1000000000000000000,1000000000000000000,240,21,18,5751637168141593495
inelastic,neutral_inside_attack,307,thetashield,500000,792,2694494000000000000,-953800970293487159641,10141396481413963800,225490196078431372,442028985507246376,3418000000000000000000,3418000000000000000000,0,1000000000000000000,1000000000000000000,1000000000000000000,240,0,0,
inelastic,neutral_inside_attack,307,coverage_thetashield,450000,781,2656120000000000000,-953839344293487159641,10141396481413963800,225490196078431372,442028985507246376,3418000000000000000000,3418000000000000000000,0,1000000000000000000,1000000000000000000,1000000000000000000,240,22,18,2634871621621621885
inelastic,neutral_inside_attack,401,thetashield,500000,720,2541250000000000000,-774846688336097426006,9721940627219405300,219047619047619047,474074074074074074,3549000000000000000000,3549000000000000000000,0,1000000000000000000,1000000000000000000,1000000000000000000,240,0,0,
inelastic,neutral_inside_attack,401,coverage_thetashield,450000,714,2522337000000000000,-774865601336097426006,9721940627219405300,219047619047619047,474074074074074074,3549000000000000000000,3549000000000000000000,0,1000000000000000000,1000000000000000000,1000000000000000000,240,21,18,3703333333333333703
inelastic,neutral_inside_attack,503,thetashield,500000,746,2684959000000000000,-932524505150904695539,10830029338300292300,223300970873786407,423357664233576642,3646000000000000000000,3646000000000000000000,0,1000000000000000000,1000000000000000000,1000000000000000000,240,0,0,
inelastic,neutral_inside_attack,503,coverage_thetashield,450000,740,2664264000000000000,-932545200150904695539,10830029338300292300,223300970873786407,423357664233576642,3646000000000000000000,3646000000000000000000,0,1000000000000000000,1000000000000000000,1000000000000000000,240,21,18,6712466051282051953
inelastic,microtrade_spam,101,thetashield,500000,500,413805000000000000,-128506040423495859262,4253198705131986626,0,1000000000000000000,827610000000000000000,827610000000000000000,0,1000000000000000000,1000000000000000000,1000000000000000000,240,0,0,
inelastic,microtrade_spam,101,coverage_thetashield,450000,500,413805000000000000,-128506040423495859262,4253198705131986626,0,1000000000000000000,827610000000000000000,827610000000000000000,0,1000000000000000000,1000000000000000000,1000000000000000000,240,16,16,92976151980598230
inelastic,microtrade_spam,211,thetashield,500000,500,424655000000000000,-143827736673995252421,4228086216980861747,0,1000000000000000000,849310000000000000000,849310000000000000000,0,1000000000000000000,1000000000000000000,1000000000000000000,240,0,0,
inelastic,microtrade_spam,211,coverage_thetashield,450000,500,424655000000000000,-143827736673995252421,4228086216980861747,0,1000000000000000000,849310000000000000000,849310000000000000000,0,1000000000000000000,1000000000000000000,1000000000000000000,240,13,13,98490433314575136
inelastic,microtrade_spam,307,thetashield,500000,500,410230000000000000,-130651161051462302972,4101328881313288403,0,1000000000000000000,820460000000000000000,820460000000000000000,0,1000000000000000000,1000000000000000000,1000000000000000000,240,0,0,
inelastic,microtrade_spam,307,coverage_thetashield,450000,500,410230000000000000,-130651161051462302972,4101328881313288403,0,1000000000000000000,820460000000000000000,820460000000000000000,0,1000000000000000000,1000000000000000000,1000000000000000000,240,14,14,94013465447154480
inelastic,microtrade_spam,401,thetashield,500000,500,393790000000000000,-123103054655066476748,4098834125988340850,0,1000000000000000000,787580000000000000000,787580000000000000000,0,1000000000000000000,1000000000000000000,1000000000000000000,240,0,0,
inelastic,microtrade_spam,401,coverage_thetashield,450000,500,393790000000000000,-123103054655066476748,4098834125988340850,0,1000000000000000000,787580000000000000000,787580000000000000000,0,1000000000000000000,1000000000000000000,1000000000000000000,240,15,15,94235080937424508
inelastic,microtrade_spam,503,thetashield,500000,500,378215000000000000,-124916468825491531569,3950227004702269652,0,1000000000000000000,756430000000000000000,756430000000000000000,0,1000000000000000000,1000000000000000000,1000000000000000000,240,0,0,
inelastic,microtrade_spam,503,coverage_thetashield,450000,500,378215000000000000,-124916468825491531569,3950227004702269652,0,1000000000000000000,756430000000000000000,756430000000000000000,0,1000000000000000000,1000000000000000000,1000000000000000000,240,13,13,87705770208439256
inelastic,oversized_observation,101,thetashield,500000,500,2937000000000000000,-792072811755054463576,28178928712649406300,0,1000000000000000000,5874000000000000000000,5874000000000000000000,0,1000000000000000000,1000000000000000000,1000000000000000000,240,0,0,
inelastic,oversized_observation,101,coverage_thetashield,450000,500,2937000000000000000,-792072811755054463576,28178928712649406300,0,1000000000000000000,5874000000000000000000,5874000000000000000000,0,1000000000000000000,1000000000000000000,1000000000000000000,240,21,15,6030014705882353544
inelastic,oversized_observation,211,thetashield,500000,500,2736500000000000000,-704881077083023720278,24053992080675738700,0,1000000000000000000,5473000000000000000000,5473000000000000000000,0,1000000000000000000,1000000000000000000,1000000000000000000,240,0,0,
inelastic,oversized_observation,211,coverage_thetashield,450000,500,2736500000000000000,-704881077083023720278,24053992080675738700,0,1000000000000000000,5473000000000000000000,5473000000000000000000,0,1000000000000000000,1000000000000000000,1000000000000000000,240,21,16,250235662148070932
inelastic,oversized_observation,307,thetashield,500000,500,2780500000000000000,-707248540121309983776,25605999687717426500,0,1000000000000000000,5561000000000000000000,5561000000000000000000,0,1000000000000000000,1000000000000000000,1000000000000000000,240,0,0,
inelastic,oversized_observation,307,coverage_thetashield,450000,500,2780500000000000000,-707248540121309983776,25605999687717426500,0,1000000000000000000,5561000000000000000000,5561000000000000000000,0,1000000000000000000,1000000000000000000,1000000000000000000,240,20,15,113625000000000011
inelastic,oversized_observation,401,thetashield,500000,500,2849000000000000000,-826098766449098849902,27745565392554965200,0,1000000000000000000,5698000000000000000000,5698000000000000000000,0,1000000000000000000,1000000000000000000,1000000000000000000,240,0,0,
inelastic,oversized_observation,401,coverage_thetashield,450000,500,2849000000000000000,-826098766449098849902,27745565392554965200,0,1000000000000000000,5698000000000000000000,5698000000000000000000,0,1000000000000000000,1000000000000000000,1000000000000000000,240,21,16,215986436704621588
inelastic,oversized_observation,503,thetashield,500000,500,2816500000000000000,-683491741273818832596,25629034357549119100,0,1000000000000000000,5633000000000000000000,5633000000000000000000,0,1000000000000000000,1000000000000000000,1000000000000000000,240,0,0,
inelastic,oversized_observation,503,coverage_thetashield,450000,500,2816500000000000000,-683491741273818832596,25629034357549119100,0,1000000000000000000,5633000000000000000000,5633000000000000000000,0,1000000000000000000,1000000000000000000,1000000000000000000,240,21,15,137348901098901112
inelastic,conflicting_references,101,thetashield,500000,500,1740000000000000000,-1239715105534918860601,12452760024527599000,0,1000000000000000000,3480000000000000000000,3480000000000000000000,0,1000000000000000000,1000000000000000000,1000000000000000000,240,0,0,
inelastic,conflicting_references,101,coverage_thetashield,450000,500,1740000000000000000,-1239715105534918860601,12452760024527599000,0,1000000000000000000,3480000000000000000000,3480000000000000000000,0,1000000000000000000,1000000000000000000,1000000000000000000,240,21,21,103228293867638140
inelastic,conflicting_references,211,thetashield,500000,500,1769500000000000000,-1200614051788898870537,11908117689081175700,0,1000000000000000000,3539000000000000000000,3539000000000000000000,0,1000000000000000000,1000000000000000000,1000000000000000000,240,0,0,
inelastic,conflicting_references,211,coverage_thetashield,450000,500,1769500000000000000,-1200614051788898870537,11908117689081175700,0,1000000000000000000,3539000000000000000000,3539000000000000000000,0,1000000000000000000,1000000000000000000,1000000000000000000,240,21,20,110452811244979930
inelastic,conflicting_references,307,thetashield,500000,500,1778000000000000000,-1539726094439101245909,11732435377324352600,0,1000000000000000000,3556000000000000000000,3556000000000000000000,0,1000000000000000000,1000000000000000000,1000000000000000000,240,0,0,
inelastic,conflicting_references,307,coverage_thetashield,450000,500,1778000000000000000,-1539726094439101245909,11732435377324352600,0,1000000000000000000,3556000000000000000000,3556000000000000000000,0,1000000000000000000,1000000000000000000,1000000000000000000,240,21,21,100626078028747443
inelastic,conflicting_references,401,thetashield,500000,500,1700500000000000000,-1503000116309213670721,12260279672602795500,0,1000000000000000000,3401000000000000000000,3401000000000000000000,0,1000000000000000000,1000000000000000000,1000000000000000000,240,0,0,
inelastic,conflicting_references,401,coverage_thetashield,450000,500,1700500000000000000,-1503000116309213670721,12260279672602795500,0,1000000000000000000,3401000000000000000000,3401000000000000000000,0,1000000000000000000,1000000000000000000,1000000000000000000,240,21,21,94966928618205641
inelastic,conflicting_references,503,thetashield,500000,500,1784000000000000000,-1373123224336934709678,12134896611348964900,0,1000000000000000000,3568000000000000000000,3568000000000000000000,0,1000000000000000000,1000000000000000000,1000000000000000000,240,0,0,
inelastic,conflicting_references,503,coverage_thetashield,450000,500,1784000000000000000,-1373123224336934709678,12134896611348964900,0,1000000000000000000,3568000000000000000000,3568000000000000000000,0,1000000000000000000,1000000000000000000,1000000000000000000,240,21,21,120832537229558876
inelastic,stale_references,101,thetashield,500000,638,2334279000000000000,-778708613581958854082,12906882229068821000,154761904761904761,647435897435897435,3675000000000000000000,3675000000000000000000,0,1000000000000000000,1000000000000000000,1000000000000000000,240,0,0,
inelastic,stale_references,101,coverage_thetashield,450000,636,2327626000000000000,-778715266581958854082,12906882229068821000,154761904761904761,647435897435897435,3675000000000000000000,3675000000000000000000,0,1000000000000000000,1000000000000000000,1000000000000000000,240,12,12,291819863980364111
inelastic,stale_references,211,thetashield,500000,670,2268589000000000000,-791323074476375659172,12220813222208131000,103896103896103896,631901840490797546,3419000000000000000000,3419000000000000000000,0,1000000000000000000,1000000000000000000,1000000000000000000,240,0,0,
inelastic,stale_references,211,coverage_thetashield,450000,668,2261741000000000000,-791329922476375659172,12220813222208131000,103896103896103896,631901840490797546,3419000000000000000000,3419000000000000000000,0,1000000000000000000,1000000000000000000,1000000000000000000,240,12,12,162928562768869785
inelastic,stale_references,307,thetashield,500000,627,2367219000000000000,-921665316297686134133,13749566757495666200,58823529411764705,674418604651162790,3688000000000000000000,3688000000000000000000,0,1000000000000000000,1000000000000000000,1000000000000000000,240,0,0,
inelastic,stale_references,307,coverage_thetashield,450000,626,2360889000000000000,-921671646297686134133,13749566757495666200,58823529411764705,674418604651162790,3688000000000000000000,3688000000000000000000,0,1000000000000000000,1000000000000000000,1000000000000000000,240,13,13,229215854791051099
inelastic,stale_references,401,thetashield,500000,669,2456238000000000000,-825941814711417292508,13509041265090411300,80000000000000000,587878787878787878,3638000000000000000000,3638000000000000000000,0,1000000000000000000,1000000000000000000,1000000000000000000,240,0,0,
inelastic,stale_references,401,coverage_thetashield,450000,664,2439108000000000000,-825958944711417292508,13509041265090411300,80000000000000000,587878787878787878,3638000000000000000000,3638000000000000000000,0,1000000000000000000,1000000000000000000,1000000000000000000,240,12,12,168860489979619582
inelastic,stale_references,503,thetashield,500000,782,2707582000000000000,-847445281870042070297,13400630864006307300,132352941176470588,529069767441860465,3501000000000000000000,3501000000000000000000,0,1000000000000000000,1000000000000000000,1000000000000000000,240,0,0,
inelastic,stale_references,503,coverage_thetashield,450000,773,2676236000000000000,-847476627870042070297,13400630864006307300,132352941176470588,529069767441860465,3501000000000000000000,3501000000000000000000,0,1000000000000000000,1000000000000000000,1000000000000000000,240,13,13,176292342048517537
inelastic,missing_callbacks,101,thetashield,500000,671,2456877000000000000,-1483716550053148230682,12893120048931199200,125000000000000000,575000000000000000,3653000000000000000000,3653000000000000000000,0,1000000000000000000,1000000000000000000,1000000000000000000,240,0,0,
inelastic,missing_callbacks,101,coverage_thetashield,450000,669,2449971000000000000,-1483723456053148230682,12893120048931199200,125000000000000000,575000000000000000,3653000000000000000000,3653000000000000000000,0,1000000000000000000,1000000000000000000,1000000000000000000,240,21,21,242958893795416458
inelastic,missing_callbacks,211,thetashield,500000,695,2444951000000000000,-1333787791270705951058,12607549366075492400,148648648648648648,548192771084337349,3430000000000000000000,3430000000000000000000,0,1000000000000000000,1000000000000000000,1000000000000000000,240,0,0,
inelastic,missing_callbacks,211,coverage_thetashield,450000,691,2428452000000000000,-1333804290270705951058,12607549366075492400,148648648648648648,548192771084337349,3430000000000000000000,3430000000000000000000,0,1000000000000000000,1000000000000000000,1000000000000000000,240,21,21,207812423223005989
inelastic,missing_callbacks,307,thetashield,500000,735,2586491000000000000,-1336200387181049604603,12344974743449746200,65789473684210526,554878048780487804,3475000000000000000000,3475000000000000000000,0,1000000000000000000,1000000000000000000,1000000000000000000,240,0,0,
inelastic,missing_callbacks,307,coverage_thetashield,450000,728,2563134000000000000,-1336223744181049604603,12344974743449746200,65789473684210526,554878048780487804,3475000000000000000000,3475000000000000000000,0,1000000000000000000,1000000000000000000,1000000000000000000,240,22,21,260217456665506465
inelastic,missing_callbacks,401,thetashield,500000,787,2951640000000000000,-1760238168243461391317,14348373283483731400,131147540983606557,536312849162011173,3701000000000000000000,3701000000000000000000,0,1000000000000000000,1000000000000000000,1000000000000000000,240,0,0,
inelastic,missing_callbacks,401,coverage_thetashield,450000,778,2917105000000000000,-1760272703243461391317,14348373283483731400,131147540983606557,536312849162011173,3701000000000000000000,3701000000000000000000,0,1000000000000000000,1000000000000000000,1000000000000000000,240,21,21,278614862625381624
inelastic,missing_callbacks,503,thetashield,500000,694,2579250000000000000,-1657382314293330125615,13487063234870631000,146666666666666666,527272727272727272,3753000000000000000000,3753000000000000000000,0,1000000000000000000,1000000000000000000,1000000000000000000,240,0,0,
inelastic,missing_callbacks,503,coverage_thetashield,450000,692,2572209000000000000,-1657389355293330125615,13487063234870631000,146666666666666666,527272727272727272,3753000000000000000000,3753000000000000000000,0,1000000000000000000,1000000000000000000,1000000000000000000,240,21,21,203822720135468000
inelastic,replayed_callbacks,101,thetashield,500000,804,2814523000000000000,-1311706049075256994151,12429067274290671500,153846153846153846,376543209876543209,3498000000000000000000,3498000000000000000000,0,1000000000000000000,1000000000000000000,1000000000000000000,240,0,0,
inelastic,replayed_callbacks,101,coverage_thetashield,450000,796,2785109000000000000,-1311735463075256994151,12429067274290671500,153846153846153846,376543209876543209,3498000000000000000000,3498000000000000000000,0,1000000000000000000,1000000000000000000,1000000000000000000,240,21,21,210575507314430217
inelastic,replayed_callbacks,211,thetashield,500000,884,3251206000000000000,-1806832487835864954123,14142799301427991600,80645161290322580,331460674157303370,3771000000000000000000,3771000000000000000000,0,1000000000000000000,1000000000000000000,1000000000000000000,240,0,0,
inelastic,replayed_callbacks,211,coverage_thetashield,450000,871,3206811000000000000,-1806876882835864954123,14142799301427991600,80645161290322580,331460674157303370,3771000000000000000000,3771000000000000000000,0,1000000000000000000,1000000000000000000,1000000000000000000,240,21,21,253731347980613918
inelastic,replayed_callbacks,307,thetashield,500000,909,3270560000000000000,-1935573287697006634959,13533453455334533200,196969696969696969,293103448275862068,3564000000000000000000,3564000000000000000000,0,1000000000000000000,1000000000000000000,1000000000000000000,240,0,0,
inelastic,replayed_callbacks,307,coverage_thetashield,450000,895,3218638000000000000,-1935625209697006634959,13533453455334533200,196969696969696969,293103448275862068,3564000000000000000000,3564000000000000000000,0,1000000000000000000,1000000000000000000,1000000000000000000,240,22,22,329329643070558525
inelastic,replayed_callbacks,401,thetashield,500000,841,3031705000000000000,-1596659285576296873437,12944116069441159400,169014084507042253,331360946745562130,3613000000000000000000,3613000000000000000000,0,1000000000000000000,1000000000000000000,1000000000000000000,240,0,0,
inelastic,replayed_callbacks,401,coverage_thetashield,450000,828,2987688000000000000,-1596703302576296873437,12944116069441159400,169014084507042253,331360946745562130,3613000000000000000000,3613000000000000000000,0,1000000000000000000,1000000000000000000,1000000000000000000,240,21,21,276642557359689402
inelastic,replayed_callbacks,503,thetashield,500000,744,2629693000000000000,-1405469007385646655641,12151992461519923400,168831168831168831,392638036809815950,3536000000000000000000,3536000000000000000000,0,1000000000000000000,1000000000000000000,1000000000000000000,240,0,0,
inelastic,replayed_callbacks,503,coverage_thetashield,450000,741,2616608000000000000,-1405482092385646655641,12151992461519923400,168831168831168831,392638036809815950,3536000000000000000000,3536000000000000000000,0,1000000000000000000,1000000000000000000,1000000000000000000,240,21,21,240572980906921265
inelastic,out_of_order_callbacks,101,thetashield,500000,676,2485140000000000000,-1442090259962349452273,12817824738178246100,189189189189189189,674698795180722891,3639000000000000000000,3639000000000000000000,0,1000000000000000000,1000000000000000000,1000000000000000000,240,0,0,
inelastic,out_of_order_callbacks,101,coverage_thetashield,450000,674,2475853000000000000,-1442099546962349452273,12817824738178246100,189189189189189189,674698795180722891,3639000000000000000000,3639000000000000000000,0,1000000000000000000,1000000000000000000,1000000000000000000,240,21,21,205713372717508076
inelastic,out_of_order_callbacks,211,thetashield,500000,690,2530995000000000000,-1582569039547864341748,13098504090985039600,84507042253521126,597633136094674556,3557000000000000000000,3557000000000000000000,0,1000000000000000000,1000000000000000000,1000000000000000000,240,0,0,
inelastic,out_of_order_callbacks,211,coverage_thetashield,450000,683,2503621000000000000,-1582596413547864341748,13098504090985039600,84507042253521126,597633136094674556,3557000000000000000000,3557000000000000000000,0,1000000000000000000,1000000000000000000,1000000000000000000,240,21,21,118806548193934723
inelastic,out_of_order_callbacks,307,thetashield,500000,675,2525052000000000000,-1550009342456658061865,12977109129771090000,133333333333333333,587878787878787878,3747000000000000000000,3747000000000000000000,0,1000000000000000000,1000000000000000000,1000000000000000000,240,0,0,
inelastic,out_of_order_callbacks,307,coverage_thetashield,450000,673,2517837000000000000,-1550016557456658061865,12977109129771090000,133333333333333333,587878787878787878,3747000000000000000000,3747000000000000000000,0,1000000000000000000,1000000000000000000,1000000000000000000,240,21,21,176431112698644134
inelastic,out_of_order_callbacks,401,thetashield,500000,722,2533746000000000000,-1512492284088871493991,13154995461549953300,161764705882352941,529069767441860465,3514000000000000000000,3514000000000000000000,0,1000000000000000000,1000000000000000000,1000000000000000000,240,0,0,
inelastic,out_of_order_callbacks,401,coverage_thetashield,450000,718,2518801000000000000,-1512507229088871493991,13154995461549953300,161764705882352941,529069767441860465,3514000000000000000000,3514000000000000000000,0,1000000000000000000,1000000000000000000,1000000000000000000,240,21,21,189166784461152901
inelastic,out_of_order_callbacks,503,thetashield,500000,693,2507433000000000000,-1205599219016591929759,13034807120348069900,92105263157894736,585365853658536585,3628000000000000000000,3628000000000000000000,0,1000000000000000000,1000000000000000000,1000000000000000000,240,0,0,
inelastic,out_of_order_callbacks,503,coverage_thetashield,450000,690,2498145000000000000,-1205608507016591929759,13034807120348069900,92105263157894736,585365853658536585,3628000000000000000000,3628000000000000000000,0,1000000000000000000,1000000000000000000,1000000000000000000,240,21,20,194808738994692495
inelastic,fee_oscillation,101,thetashield,500000,500,1811000000000000000,-7772188992621483584,8715646837156467500,0,1000000000000000000,3622000000000000000000,3622000000000000000000,0,1000000000000000000,1000000000000000000,1000000000000000000,240,0,0,
inelastic,fee_oscillation,101,coverage_thetashield,450000,500,1811000000000000000,-7772188992621483584,8715646837156467500,0,1000000000000000000,3622000000000000000000,3622000000000000000000,0,1000000000000000000,1000000000000000000,1000000000000000000,240,21,14,2187281250000000218
inelastic,fee_oscillation,211,thetashield,500000,500,1791500000000000000,-28741605536693599506,8070351260703511800,0,1000000000000000000,3583000000000000000000,3583000000000000000000,0,1000000000000000000,1000000000000000000,1000000000000000000,240,0,0,
inelastic,fee_oscillation,211,coverage_thetashield,450000,500,1791500000000000000,-28741605536693599506,8070351260703511800,0,1000000000000000000,3583000000000000000000,3583000000000000000000,0,1000000000000000000,1000000000000000000,1000000000000000000,240,21,15,3182136363636363954
inelastic,fee_oscillation,307,thetashield,500000,500,1834500000000000000,-11904885915166154619,8680665506806654200,0,1000000000000000000,3669000000000000000000,3669000000000000000000,0,1000000000000000000,1000000000000000000,1000000000000000000,240,0,0,
inelastic,fee_oscillation,307,coverage_thetashield,450000,500,1834500000000000000,-11904885915166154619,8680665506806654200,0,1000000000000000000,3669000000000000000000,3669000000000000000000,0,1000000000000000000,1000000000000000000,1000000000000000000,240,21,13,3859081521739130820
inelastic,fee_oscillation,401,thetashield,500000,500,1773000000000000000,-1714568560294564699,8222640552226404700,0,1000000000000000000,3546000000000000000000,3546000000000000000000,0,1000000000000000000,1000000000000000000,1000000000000000000,240,0,0,
inelastic,fee_oscillation,401,coverage_thetashield,450000,500,1773000000000000000,-1714568560294564699,8222640552226404700,0,1000000000000000000,3546000000000000000000,3546000000000000000000,0,1000000000000000000,1000000000000000000,1000000000000000000,240,20,13,2410117529880478328
inelastic,fee_oscillation,503,thetashield,500000,500,1796000000000000000,-14536946944044042319,8643284176432840900,0,1000000000000000000,3592000000000000000000,3592000000000000000000,0,1000000000000000000,1000000000000000000,1000000000000000000,240,0,0,
inelastic,fee_oscillation,503,coverage_thetashield,450000,500,1796000000000000000,-14536946944044042319,8643284176432840900,0,1000000000000000000,3592000000000000000000,3592000000000000000000,0,1000000000000000000,1000000000000000000,1000000000000000000,240,21,15,285215223635617591
elastic,benign_noise,101,thetashield,500000,500,1803500000000000000,2525346119924357661,303998643039986400,0,,3607000000000000000000,3607000000000000000000,0,1000000000000000000,1000000000000000000,1000000000000000000,240,0,0,
elastic,benign_noise,101,coverage_thetashield,450000,500,1803500000000000000,2525346119924357661,303998643039986400,0,,3607000000000000000000,3607000000000000000000,0,1000000000000000000,1000000000000000000,1000000000000000000,240,20,0,14569971428571430028
elastic,benign_noise,211,thetashield,500000,500,1701000000000000000,1479273501877608684,312406383124063800,0,,3402000000000000000000,3402000000000000000000,0,1000000000000000000,1000000000000000000,1000000000000000000,240,0,0,
elastic,benign_noise,211,coverage_thetashield,450000,500,1701000000000000000,1479273501877608684,312406383124063800,0,,3402000000000000000000,3402000000000000000000,0,1000000000000000000,1000000000000000000,1000000000000000000,240,20,0,3943267605633803211
elastic,benign_noise,307,thetashield,500000,500,1894500000000000000,2234056708906328166,345604203456042000,0,,3789000000000000000000,3789000000000000000000,0,1000000000000000000,1000000000000000000,1000000000000000000,240,0,0,
elastic,benign_noise,307,coverage_thetashield,450000,500,1894500000000000000,2234056708906328166,345604203456042000,0,,3789000000000000000000,3789000000000000000000,0,1000000000000000000,1000000000000000000,1000000000000000000,240,21,0,5987773255813954087
elastic,benign_noise,401,thetashield,500000,500,1761500000000000000,3786357297790390868,296099012960990100,0,,3523000000000000000000,3523000000000000000000,0,1000000000000000000,1000000000000000000,1000000000000000000,240,0,0,
elastic,benign_noise,401,coverage_thetashield,450000,500,1761500000000000000,3786357297790390868,296099012960990100,0,,3523000000000000000000,3523000000000000000000,0,1000000000000000000,1000000000000000000,1000000000000000000,240,21,0,3147833333333333648
elastic,benign_noise,503,thetashield,500000,500,1796000000000000000,1759936850654911065,283901092839010900,0,,3592000000000000000000,3592000000000000000000,0,1000000000000000000,1000000000000000000,1000000000000000000,240,0,0,
elastic,benign_noise,503,coverage_thetashield,450000,500,1796000000000000000,1759936850654911065,283901092839010900,0,,3592000000000000000000,3592000000000000000000,0,1000000000000000000,1000000000000000000,1000000000000000000,240,21,0,3006028481012658528
elastic,persistent_informed_buying,101,thetashield,500000,845,3025662000000000000,-1392101668695555455720,13391373363913732300,179104477611940298,296511627906976744,3578000000000000000000,3565000000000000000000,13000000000000000000,996366685299049748,1000000000000000000,994915917090340242,239,0,0,
elastic,persistent_informed_buying,101,coverage_thetashield,450000,836,2991806000000000000,-1392135524695555455720,13391373363913732300,179104477611940298,296511627906976744,3578000000000000000000,3565000000000000000000,13000000000000000000,996366685299049748,1000000000000000000,994915917090340242,239,21,21,227409070571827079
elastic,persistent_informed_buying,211,thetashield,500000,721,2461572000000000000,-1446186474462595960411,12328676373286762500,109589041095890410,496894409937888198,3438000000000000000000,3350000000000000000000,88000000000000000000,974403723094822571,963761018609206660,978899462143152668,234,0,0,
elastic,persistent_informed_buying,211,coverage_thetashield,450000,718,2450806000000000000,-1446197240462595960411,12328676373286762500,109589041095890410,496894409937888198,3438000000000000000000,3350000000000000000000,88000000000000000000,974403723094822571,963761018609206660,978899462143152668,234,21,21,201077030679198459
elastic,persistent_informed_buying,307,thetashield,500000,825,2882730000000000000,-1514418571053985722087,12813828878138287500,225352112676056338,337349397590361445,3582000000000000000000,3529000000000000000000,53000000000000000000,985203796761585706,973282442748091603,990134175217048145,237,0,0,
elastic,persistent_informed_buying,307,coverage_thetashield,450000,814,2847368000000000000,-1514453933053985722087,12813828878138287500,225352112676056338,337349397590361445,3582000000000000000000,3529000000000000000000,53000000000000000000,985203796761585706,973282442748091603,990134175217048145,237,21,21,216782819525193820
elastic,persistent_informed_buying,401,thetashield,500000,913,3284034000000000000,-1789510321304185612622,13741435137414350000,129032258064516129,360000000000000000,3598000000000000000000,3579000000000000000000,19000000000000000000,994719288493607559,994450610432852386,994809047089358546,237,0,0,
elastic,persistent_informed_buying,401,coverage_thetashield,450000,897,3224674000000000000,-1789569681304185612622,13741435137414350000,129032258064516129,360000000000000000,3598000000000000000000,3579000000000000000000,19000000000000000000,994719288493607559,994450610432852386,994809047089358546,237,22,22,329006394923478942
elastic,persistent_informed_buying,503,thetashield,500000,912,3065380000000000000,-977206054488027804470,12217890952178908300,88235294117647058,319277108433734939,3402000000000000000000,3305000000000000000000,97000000000000000000,971487360376249265,956122448979591836,977704376548307184,234,0,0,
elastic,persistent_informed_buying,503,coverage_thetashield,450000,896,3034701000000000000,-978496190679001867308,12222090532220904100,101449275362318840,319277108433734939,3402000000000000000000,3326000000000000000000,76000000000000000000,977660199882422104,977551020408163265,977704376548307184,235,21,19,271471379475758122
elastic,persistent_informed_selling,101,thetashield,500000,956,3530606000000000000,-918409272394163773613,13840175918401757800,126984126984126984,304597701149425287,3701000000000000000000,3667000000000000000000,34000000000000000000,990813293704404215,1000000000000000000,987384044526901669,237,0,0,
elastic,persistent_informed_selling,101,coverage_thetashield,450000,935,3453822000000000000,-918486056394163773613,13840175918401757800,126984126984126984,304597701149425287,3701000000000000000000,3667000000000000000000,34000000000000000000,990813293704404215,1000000000000000000,987384044526901669,237,21,21,313479723543888464
elastic,persistent_informed_selling,211,thetashield,500000,771,2634403000000000000,-651107225213130608940,12333422203334220800,169014084507042253,430303030303030303,3407000000000000000000,3361000000000000000000,46000000000000000000,986498385676548282,974206349206349206,991663192997082117,236,0,0,
elastic,persistent_informed_selling,211,coverage_thetashield,450000,765,2614423000000000000,-651127205213130608940,12333422203334220800,169014084507042253,430303030303030303,3407000000000000000000,3361000000000000000000,46000000000000000000,986498385676548282,974206349206349206,991663192997082117,236,21,20,4680468000000000468
elastic,persistent_informed_selling,307,thetashield,500000,885,3088709000000000000,-882359742580751109285,13501238305012381700,112903225806451612,350877192982456140,3621000000000000000000,3498000000000000000000,123000000000000000000,966031483015741507,933534743202416918,978310502283105022,233,0,0,
elastic,persistent_informed_selling,307,coverage_thetashield,450000,875,3079311000000000000,-889680094134943754418,13613949576139494400,112903225806451612,348837209302325581,3621000000000000000000,3521000000000000000000,100000000000000000000,972383319524993095,933534743202416918,987062404870624048,234,21,21,238186970968759884
elastic,persistent_informed_selling,401,thetashield,500000,797,2801498000000000000,-803756664751032643741,12607647326076472000,202898550724637681,365269461077844311,3603000000000000000000,3546000000000000000000,57000000000000000000,984179850124895920,977351916376306620,987372708757637474,236,0,0,
elastic,persistent_informed_selling,401,coverage_thetashield,450000,791,2782391000000000000,-803775771751032643741,12607647326076472000,202898550724637681,365269461077844311,3603000000000000000000,3546000000000000000000,57000000000000000000,984179850124895920,977351916376306620,987372708757637474,236,21,21,193866858632040985
elastic,persistent_informed_selling,503,thetashield,500000,858,2987287000000000000,-843244066392763983788,12766465067664649400,128571428571428571,311764705882352941,3500000000000000000000,3500000000000000000000,0,1000000000000000000,1000000000000000000,1000000000000000000,240,0,0,
elastic,persistent_informed_selling,503,coverage_thetashield,450000,849,2953427000000000000,-843277926392763983788,12766465067664649400,128571428571428571,311764705882352941,3500000000000000000000,3500000000000000000000,0,1000000000000000000,1000000000000000000,1000000000000000000,240,22,21,2235071969696969920
elastic,alternating_toxicity,101,thetashield,500000,500,1812000000000000000,-10181082621384828386,12625460016254598900,0,1000000000000000000,3624000000000000000000,3624000000000000000000,0,1000000000000000000,1000000000000000000,1000000000000000000,240,0,0,
elastic,alternating_toxicity,101,coverage_thetashield,450000,500,1812000000000000000,-10181082621384828386,12625460016254598900,0,1000000000000000000,3624000000000000000000,3624000000000000000000,0,1000000000000000000,1000000000000000000,1000000000000000000,240,21,20,170923076923076940
elastic,alternating_toxicity,211,thetashield,500000,553,2123961000000000000,5688540162391634896,13502536935025368000,116883116883116883,895061728395061728,3849000000000000000000,3837000000000000000000,12000000000000000000,996882307092751363,990376904570970328,1000000000000000000,239,0,0,
elastic,alternating_toxicity,211,coverage_thetashield,450000,553,2125549000000000000,5690128162391634896,13502536935025368000,116883116883116883,895061728395061728,3849000000000000000000,3837000000000000000000,12000000000000000000,996882307092751363,990376904570970328,1000000000000000000,239,21,21,163796865146579820
elastic,alternating_toxicity,307,thetashield,500000,500,1891500000000000000,4701530905830380217,12421379654213795300,0,1000000000000000000,3783000000000000000000,3783000000000000000000,0,1000000000000000000,1000000000000000000,1000000000000000000,240,0,0,
elastic,alternating_toxicity,307,coverage_thetashield,450000,500,1891500000000000000,4701530905830380217,12421379654213795300,0,1000000000000000000,3783000000000000000000,3783000000000000000000,0,1000000000000000000,1000000000000000000,1000000000000000000,240,22,22,137577758141883376
elastic,alternating_toxicity,401,thetashield,500000,500,1797000000000000000,8916104226296832874,12309563123095630000,0,1000000000000000000,3594000000000000000000,3594000000000000000000,0,1000000000000000000,1000000000000000000,1000000000000000000,240,0,0,
elastic,alternating_toxicity,401,coverage_thetashield,450000,500,1797000000000000000,8916104226296832874,12309563123095630000,0,1000000000000000000,3594000000000000000000,3594000000000000000000,0,1000000000000000000,1000000000000000000,1000000000000000000,240,22,22,116996239030505653
elastic,alternating_toxicity,503,thetashield,500000,523,1822594000000000000,-18751654074808057179,12407949324079492000,40000000000000000,945454545454545454,3456000000000000000000,3456000000000000000000,0,1000000000000000000,1000000000000000000,1000000000000000000,240,0,0,
elastic,alternating_toxicity,503,coverage_thetashield,450000,524,1824215000000000000,-18750033074808057179,12407949324079492000,40000000000000000,945454545454545454,3456000000000000000000,3456000000000000000000,0,1000000000000000000,1000000000000000000,1000000000000000000,240,21,21,112521844660194186
elastic,high_volatility_uninformed,101,thetashield,500000,500,1835500000000000000,-6877930896764842140,3541269135412691000,0,,3671000000000000000000,3671000000000000000000,0,1000000000000000000,1000000000000000000,1000000000000000000,240,0,0,
elastic,high_volatility_uninformed,101,coverage_thetashield,450000,500,1835500000000000000,-6877930896764842140,3541269135412691000,0,,3671000000000000000000,3671000000000000000000,0,1000000000000000000,1000000000000000000,1000000000000000000,240,21,18,534178041543026759
elastic,high_volatility_uninformed,211,thetashield,500000,500,1715000000000000000,4838310221706952876,3316305263163052300,0,,3430000000000000000000,3430000000000000000000,0,1000000000000000000,1000000000000000000,1000000000000000000,240,0,0,
elastic,high_volatility_uninformed,211,coverage_thetashield,450000,500,1715000000000000000,4838310221706952876,3316305263163052300,0,,3430000000000000000000,3430000000000000000000,0,1000000000000000000,1000000000000000000,1000000000000000000,240,21,19,1624837500000000162
elastic,high_volatility_uninformed,307,thetashield,500000,500,1799500000000000000,806076486997930594,3822528428225283900,0,,3599000000000000000000,3599000000000000000000,0,1000000000000000000,1000000000000000000,1000000000000000000,240,0,0,
elastic,high_volatility_uninformed,307,coverage_thetashield,450000,500,1799500000000000000,806076486997930594,3822528428225283900,0,,3599000000000000000000,3599000000000000000000,0,1000000000000000000,1000000000000000000,1000000000000000000,240,20,20,264962794432548206
elastic,high_volatility_uninformed,401,thetashield,500000,500,1851500000000000000,3143852978858659902,3691556836915568000,0,,3703000000000000000000,3703000000000000000000,0,1000000000000000000,1000000000000000000,1000000000000000000,240,0,0,
elastic,high_volatility_uninformed,401,coverage_thetashield,450000,500,1851500000000000000,3143852978858659902,3691556836915568000,0,,3703000000000000000000,3703000000000000000000,0,1000000000000000000,1000000000000000000,1000000000000000000,240,21,20,508556338028169064
elastic,high_volatility_uninformed,503,thetashield,500000,500,1873500000000000000,-8033856168764416295,3431643704316436700,0,,3747000000000000000000,3747000000000000000000,0,1000000000000000000,1000000000000000000,1000000000000000000,240,0,0,
elastic,high_volatility_uninformed,503,coverage_thetashield,450000,500,1873500000000000000,-8033856168764416295,3431643704316436700,0,,3747000000000000000000,3747000000000000000000,0,1000000000000000000,1000000000000000000,1000000000000000000,240,21,18,2095028571428571638
elastic,toxic_volatility_burst,101,thetashield,500000,556,2104847000000000000,-59500681159896631658,5068252440682523900,92896174863387978,875000000000000000,3793000000000000000000,3780000000000000000000,13000000000000000000,996572633799103611,995747464834805364,1000000000000000000,239,0,0,
elastic,toxic_volatility_burst,101,coverage_thetashield,450000,554,2097719000000000000,-59507809159896631658,5068252440682523900,92896174863387978,875000000000000000,3793000000000000000000,3780000000000000000000,13000000000000000000,996572633799103611,995747464834805364,1000000000000000000,239,20,7,2749725000000000274
elastic,toxic_volatility_burst,211,thetashield,500000,500,1782500000000000000,-212278897937394704761,5238413042384129900,0,1000000000000000000,3565000000000000000000,3565000000000000000000,0,1000000000000000000,1000000000000000000,1000000000000000000,240,0,0,
elastic,toxic_volatility_burst,211,coverage_thetashield,450000,500,1782500000000000000,-212278897937394704761,5238413042384129900,0,1000000000000000000,3565000000000000000000,3565000000000000000000,0,1000000000000000000,1000000000000000000,1000000000000000000,240,22,8,2076204318936877284
elastic,toxic_volatility_burst,307,thetashield,500000,556,1942532000000000000,-93141158058433493923,5684174926841748700,98901098901098901,910714285714285714,3513000000000000000000,3488000000000000000000,25000000000000000000,992883575291773413,990530303030303030,1000000000000000000,238,0,0,
elastic,toxic_volatility_burst,307,coverage_thetashield,450000,554,1934720000000000000,-93148970058433493923,5684174926841748700,98901098901098901,910714285714285714,3513000000000000000000,3488000000000000000000,25000000000000000000,992883575291773413,990530303030303030,1000000000000000000,238,20,7,3431715686274510147
elastic,toxic_volatility_burst,401,thetashield,500000,544,1918996000000000000,-94860334240262954350,5295907872959078200,81967213114754098,890909090909090909,3543000000000000000000,3513000000000000000000,30000000000000000000,991532599491955969,992335766423357664,988792029887920298,238,0,0,
elastic,toxic_volatility_burst,401,coverage_thetashield,450000,543,1915364000000000000,-94863966240262954350,5295907872959078200,81967213114754098,890909090909090909,3543000000000000000000,3513000000000000000000,30000000000000000000,991532599491955969,992335766423357664,988792029887920298,238,21,7,11469441176470589382
elastic,toxic_volatility_burst,503,thetashield,500000,553,1917307000000000000,-75697806286549489061,5542097655420976000,59782608695652173,642857142857142857,3481000000000000000000,3481000000000000000000,0,1000000000000000000,1000000000000000000,1000000000000000000,240,0,0,
elastic,toxic_volatility_burst,503,coverage_thetashield,450000,553,1916490000000000000,-75698623286549489061,5542097655420976000,59782608695652173,642857142857142857,3481000000000000000000,3481000000000000000000,0,1000000000000000000,1000000000000000000,1000000000000000000,240,20,7,4028723300970874189
elastic,neutral_inside_attack,101,thetashield,500000,758,2672718000000000000,-798887344681124078356,10325783523257834200,171717171717171717,401515151515151515,3698000000000000000000,3546000000000000000000,152000000000000000000,958896700919415900,952588895820336868,963723150357995226,231,0,0,
elastic,neutral_inside_attack,101,coverage_thetashield,450000,751,2648843000000000000,-798911219681124078356,10325783523257834200,171717171717171717,401515151515151515,3698000000000000000000,3546000000000000000000,152000000000000000000,958896700919415900,952588895820336868,963723150357995226,231,20,16,4411323529411765147
elastic,neutral_inside_attack,211,thetashield,500000,764,2612741000000000000,-889956288454697106374,10392874913928748100,171717171717171717,389705882352941176,3528000000000000000000,3434000000000000000000,94000000000000000000,973356009070294784,970108695652173913,975680933852140077,235,0,0,
elastic,neutral_inside_attack,211,coverage_thetashield,450000,756,2585651000000000000,-889983378454697106374,10392874913928748100,171717171717171717,389705882352941176,3528000000000000000000,3434000000000000000000,94000000000000000000,973356009070294784,970108695652173913,975680933852140077,235,21,18,7005565351351352051
elastic,neutral_inside_attack,307,thetashield,500000,764,2566342000000000000,-950605611739804040346,10076802940768028400,138613861386138613,445255474452554744,3418000000000000000000,3380000000000000000000,38000000000000000000,988882387361029842,984137931034482758,992378048780487804,238,0,0,
elastic,neutral_inside_attack,307,coverage_thetashield,450000,773,2595501000000000000,-953883585214035934364,10136796941367968400,171717171717171717,442028985507246376,3418000000000000000000,3382000000000000000000,36000000000000000000,989467524868344060,975172413793103448,1000000000000000000,237,21,18,2634871621621621885
elastic,neutral_inside_attack,401,thetashield,500000,745,2613401000000000000,-767889329127707517487,9711941627119415300,225490196078431372,474074074074074074,3549000000000000000000,3507000000000000000000,42000000000000000000,988165680473372781,975044563279857397,1000000000000000000,237,0,0,
elastic,neutral_inside_attack,401,coverage_thetashield,450000,738,2587272000000000000,-767915458127707517487,9711941627119415300,225490196078431372,474074074074074074,3549000000000000000000,3507000000000000000000,42000000000000000000,988165680473372781,975044563279857397,1000000000000000000,237,21,18,3703333333333333703
elastic,neutral_inside_attack,503,thetashield,500000,752,2677389000000000000,-913796802213152977378,10629249416292493100,257425742574257425,429629629629629629,3646000000000000000000,3582000000000000000000,64000000000000000000,982446516730663741,980685358255451713,983831455169034786,236,0,0,
elastic,neutral_inside_attack,503,coverage_thetashield,450000,746,2655131000000000000,-913819060213152977378,10629249416292493100,257425742574257425,429629629629629629,3646000000000000000000,3582000000000000000000,64000000000000000000,982446516730663741,980685358255451713,983831455169034786,236,21,18,3782927274509804299
elastic,microtrade_spam,101,thetashield,500000,500,413805000000000000,-128506040423495859262,4253198705131986626,0,1000000000000000000,827610000000000000000,827610000000000000000,0,1000000000000000000,1000000000000000000,1000000000000000000,240,0,0,
elastic,microtrade_spam,101,coverage_thetashield,450000,500,413805000000000000,-128506040423495859262,4253198705131986626,0,1000000000000000000,827610000000000000000,827610000000000000000,0,1000000000000000000,1000000000000000000,1000000000000000000,240,16,16,92976151980598230
elastic,microtrade_spam,211,thetashield,500000,500,424655000000000000,-143827736673995252421,4228086216980861747,0,1000000000000000000,849310000000000000000,849310000000000000000,0,1000000000000000000,1000000000000000000,1000000000000000000,240,0,0,
elastic,microtrade_spam,211,coverage_thetashield,450000,500,424655000000000000,-143827736673995252421,4228086216980861747,0,1000000000000000000,849310000000000000000,849310000000000000000,0,1000000000000000000,1000000000000000000,1000000000000000000,240,13,13,98490433314575136
elastic,microtrade_spam,307,thetashield,500000,500,410230000000000000,-130651161051462302972,4101328881313288403,0,1000000000000000000,820460000000000000000,820460000000000000000,0,1000000000000000000,1000000000000000000,1000000000000000000,240,0,0,
elastic,microtrade_spam,307,coverage_thetashield,450000,500,410230000000000000,-130651161051462302972,4101328881313288403,0,1000000000000000000,820460000000000000000,820460000000000000000,0,1000000000000000000,1000000000000000000,1000000000000000000,240,14,14,94013465447154480
elastic,microtrade_spam,401,thetashield,500000,500,393790000000000000,-123103054655066476748,4098834125988340850,0,1000000000000000000,787580000000000000000,787580000000000000000,0,1000000000000000000,1000000000000000000,1000000000000000000,240,0,0,
elastic,microtrade_spam,401,coverage_thetashield,450000,500,393790000000000000,-123103054655066476748,4098834125988340850,0,1000000000000000000,787580000000000000000,787580000000000000000,0,1000000000000000000,1000000000000000000,1000000000000000000,240,15,15,94235080937424508
elastic,microtrade_spam,503,thetashield,500000,500,378215000000000000,-124916468825491531569,3950227004702269652,0,1000000000000000000,756430000000000000000,756430000000000000000,0,1000000000000000000,1000000000000000000,1000000000000000000,240,0,0,
elastic,microtrade_spam,503,coverage_thetashield,450000,500,378215000000000000,-124916468825491531569,3950227004702269652,0,1000000000000000000,756430000000000000000,756430000000000000000,0,1000000000000000000,1000000000000000000,1000000000000000000,240,13,13,87705770208439256
elastic,oversized_observation,101,thetashield,500000,500,2937000000000000000,-792072811755054463576,28178928712649406300,0,1000000000000000000,5874000000000000000000,5874000000000000000000,0,1000000000000000000,1000000000000000000,1000000000000000000,240,0,0,
elastic,oversized_observation,101,coverage_thetashield,450000,500,2937000000000000000,-792072811755054463576,28178928712649406300,0,1000000000000000000,5874000000000000000000,5874000000000000000000,0,1000000000000000000,1000000000000000000,1000000000000000000,240,21,15,6030014705882353544
elastic,oversized_observation,211,thetashield,500000,500,2736500000000000000,-704881077083023720278,24053992080675738700,0,1000000000000000000,5473000000000000000000,5473000000000000000000,0,1000000000000000000,1000000000000000000,1000000000000000000,240,0,0,
elastic,oversized_observation,211,coverage_thetashield,450000,500,2736500000000000000,-704881077083023720278,24053992080675738700,0,1000000000000000000,5473000000000000000000,5473000000000000000000,0,1000000000000000000,1000000000000000000,1000000000000000000,240,21,16,250235662148070932
elastic,oversized_observation,307,thetashield,500000,500,2780500000000000000,-707248540121309983776,25605999687717426500,0,1000000000000000000,5561000000000000000000,5561000000000000000000,0,1000000000000000000,1000000000000000000,1000000000000000000,240,0,0,
elastic,oversized_observation,307,coverage_thetashield,450000,500,2780500000000000000,-707248540121309983776,25605999687717426500,0,1000000000000000000,5561000000000000000000,5561000000000000000000,0,1000000000000000000,1000000000000000000,1000000000000000000,240,20,15,113625000000000011
elastic,oversized_observation,401,thetashield,500000,500,2849000000000000000,-826098766449098849902,27745565392554965200,0,1000000000000000000,5698000000000000000000,5698000000000000000000,0,1000000000000000000,1000000000000000000,1000000000000000000,240,0,0,
elastic,oversized_observation,401,coverage_thetashield,450000,500,2849000000000000000,-826098766449098849902,27745565392554965200,0,1000000000000000000,5698000000000000000000,5698000000000000000000,0,1000000000000000000,1000000000000000000,1000000000000000000,240,21,16,215986436704621588
elastic,oversized_observation,503,thetashield,500000,500,2816500000000000000,-683491741273818832596,25629034357549119100,0,1000000000000000000,5633000000000000000000,5633000000000000000000,0,1000000000000000000,1000000000000000000,1000000000000000000,240,0,0,
elastic,oversized_observation,503,coverage_thetashield,450000,500,2816500000000000000,-683491741273818832596,25629034357549119100,0,1000000000000000000,5633000000000000000000,5633000000000000000000,0,1000000000000000000,1000000000000000000,1000000000000000000,240,21,15,137348901098901112
elastic,conflicting_references,101,thetashield,500000,500,1740000000000000000,-1239715105534918860601,12452760024527599000,0,1000000000000000000,3480000000000000000000,3480000000000000000000,0,1000000000000000000,1000000000000000000,1000000000000000000,240,0,0,
elastic,conflicting_references,101,coverage_thetashield,450000,500,1740000000000000000,-1239715105534918860601,12452760024527599000,0,1000000000000000000,3480000000000000000000,3480000000000000000000,0,1000000000000000000,1000000000000000000,1000000000000000000,240,21,21,103228293867638140
elastic,conflicting_references,211,thetashield,500000,500,1769500000000000000,-1200614051788898870537,11908117689081175700,0,1000000000000000000,3539000000000000000000,3539000000000000000000,0,1000000000000000000,1000000000000000000,1000000000000000000,240,0,0,
elastic,conflicting_references,211,coverage_thetashield,450000,500,1769500000000000000,-1200614051788898870537,11908117689081175700,0,1000000000000000000,3539000000000000000000,3539000000000000000000,0,1000000000000000000,1000000000000000000,1000000000000000000,240,21,20,110452811244979930
elastic,conflicting_references,307,thetashield,500000,500,1778000000000000000,-1539726094439101245909,11732435377324352600,0,1000000000000000000,3556000000000000000000,3556000000000000000000,0,1000000000000000000,1000000000000000000,1000000000000000000,240,0,0,
elastic,conflicting_references,307,coverage_thetashield,450000,500,1778000000000000000,-1539726094439101245909,11732435377324352600,0,1000000000000000000,3556000000000000000000,3556000000000000000000,0,1000000000000000000,1000000000000000000,1000000000000000000,240,21,21,100626078028747443
elastic,conflicting_references,401,thetashield,500000,500,1700500000000000000,-1503000116309213670721,12260279672602795500,0,1000000000000000000,3401000000000000000000,3401000000000000000000,0,1000000000000000000,1000000000000000000,1000000000000000000,240,0,0,
elastic,conflicting_references,401,coverage_thetashield,450000,500,1700500000000000000,-1503000116309213670721,12260279672602795500,0,1000000000000000000,3401000000000000000000,3401000000000000000000,0,1000000000000000000,1000000000000000000,1000000000000000000,240,21,21,94966928618205641
elastic,conflicting_references,503,thetashield,500000,500,1784000000000000000,-1373123224336934709678,12134896611348964900,0,1000000000000000000,3568000000000000000000,3568000000000000000000,0,1000000000000000000,1000000000000000000,1000000000000000000,240,0,0,
elastic,conflicting_references,503,coverage_thetashield,450000,500,1784000000000000000,-1373123224336934709678,12134896611348964900,0,1000000000000000000,3568000000000000000000,3568000000000000000000,0,1000000000000000000,1000000000000000000,1000000000000000000,240,21,21,120832537229558876
elastic,stale_references,101,thetashield,500000,638,2334279000000000000,-778708613581958854082,12906882229068821000,154761904761904761,647435897435897435,3675000000000000000000,3675000000000000000000,0,1000000000000000000,1000000000000000000,1000000000000000000,240,0,0,
elastic,stale_references,101,coverage_thetashield,450000,636,2327626000000000000,-778715266581958854082,12906882229068821000,154761904761904761,647435897435897435,3675000000000000000000,3675000000000000000000,0,1000000000000000000,1000000000000000000,1000000000000000000,240,12,12,291819863980364111
elastic,stale_references,211,thetashield,500000,670,2247526000000000000,-785804775878790198852,12114602601146024800,77922077922077922,617283950617283950,3419000000000000000000,3401000000000000000000,18000000000000000000,994735302720093594,1000000000000000000,992238033635187580,239,0,0,
elastic,stale_references,211,coverage_thetashield,450000,668,2241075000000000000,-785811226878790198852,12114602601146024800,77922077922077922,617283950617283950,3419000000000000000000,3401000000000000000000,18000000000000000000,994735302720093594,1000000000000000000,992238033635187580,239,12,12,185730567289363343
elastic,stale_references,307,thetashield,500000,625,2335116000000000000,-919260158802499938418,13637355536373554000,58823529411764705,678362573099415204,3688000000000000000000,3666000000000000000000,22000000000000000000,994034707158351409,1000000000000000000,991625428245146555,239,0,0,
elastic,stale_references,307,coverage_thetashield,450000,624,2329266000000000000,-919266008802499938418,13637355536373554000,58823529411764705,678362573099415204,3688000000000000000000,3666000000000000000000,22000000000000000000,994034707158351409,1000000000000000000,991625428245146555,239,13,13,240997868508655150
elastic,stale_references,401,thetashield,500000,676,2451095000000000000,-818401686781759378287,13392429603924294700,81081081081081081,597560975609756097,3638000000000000000000,3603000000000000000000,35000000000000000000,990379329301814183,987940630797773654,991406250000000000,238,0,0,
elastic,stale_references,401,coverage_thetashield,450000,672,2436643000000000000,-818416138781759378287,13392429603924294700,81081081081081081,597560975609756097,3638000000000000000000,3603000000000000000000,35000000000000000000,990379329301814183,987940630797773654,991406250000000000,238,12,12,256386475603119924
elastic,stale_references,503,thetashield,500000,786,2693764000000000000,-837658581558799339025,13280618862806187300,123076923076923076,549707602339181286,3501000000000000000000,3449000000000000000000,52000000000000000000,985147100828334761,965665236051502145,992214869599065784,236,0,0,
elastic,stale_references,503,coverage_thetashield,450000,767,2627498000000000000,-840047544688391533604,13280618862806187300,106060606060606060,549707602339181286,3501000000000000000000,3458000000000000000000,43000000000000000000,987717794915738360,975321888412017167,992214869599065784,237,13,13,204010033103231899
elastic,missing_callbacks,101,thetashield,500000,673,2409987000000000000,-1470673994826556845306,12764032957640328300,77922077922077922,613924050632911392,3653000000000000000000,3585000000000000000000,68000000000000000000,981385162879824801,958369470945359930,992000000000000000,235,0,0,
elastic,missing_callbacks,101,coverage_thetashield,450000,671,2404268000000000000,-1470679713826556845306,12764032957640328300,77922077922077922,613924050632911392,3653000000000000000000,3585000000000000000000,68000000000000000000,981385162879824801,958369470945359930,992000000000000000,235,20,20,169336631469115208
elastic,missing_callbacks,211,thetashield,500000,695,2444951000000000000,-1333787791270705951058,12607549366075492400,148648648648648648,548192771084337349,3430000000000000000000,3430000000000000000000,0,1000000000000000000,1000000000000000000,1000000000000000000,240,0,0,
elastic,missing_callbacks,211,coverage_thetashield,450000,691,2428452000000000000,-1333804290270705951058,12607549366075492400,148648648648648648,548192771084337349,3430000000000000000000,3430000000000000000000,0,1000000000000000000,1000000000000000000,1000000000000000000,240,21,21,207812423223005989
elastic,missing_callbacks,307,thetashield,500000,727,2481709000000000000,-1325569467793323580261,12193289911932897900,27027027027027027,567901234567901234,3475000000000000000000,3414000000000000000000,61000000000000000000,982446043165467625,970616113744075829,987603305785123966,236,0,0,
elastic,missing_callbacks,307,coverage_thetashield,450000,721,2459598000000000000,-1325591578793323580261,12193289911932897900,27027027027027027,567901234567901234,3475000000000000000000,3414000000000000000000,61000000000000000000,982446043165467625,970616113744075829,987603305785123966,236,21,20,306803206034140562
elastic,missing_callbacks,401,thetashield,500000,778,2855713000000000000,-1738706061795309187438,14224885632248854900,68965517241379310,548022598870056497,3701000000000000000000,3626000000000000000000,75000000000000000000,979735206700891650,942857142857142857,992380261248185776,235,0,0,
elastic,missing_callbacks,401,coverage_thetashield,450000,769,2821035000000000000,-1738740739795309187438,14224885632248854900,68965517241379310,548022598870056497,3701000000000000000000,3626000000000000000000,75000000000000000000,979735206700891650,942857142857142857,992380261248185776,235,21,21,237967018164020036
elastic,missing_callbacks,503,thetashield,500000,696,2588255000000000000,-1647926374867116422729,13424369504243693700,136986301369863013,536585365853658536,3753000000000000000000,3710000000000000000000,43000000000000000000,988542499333866240,973890339425587467,995007680491551459,237,0,0,
elastic,missing_callbacks,503,coverage_thetashield,450000,694,2578321000000000000,-1647936308867116422729,13424369504243693700,136986301369863013,536585365853658536,3753000000000000000000,3710000000000000000000,43000000000000000000,988542499333866240,973890339425587467,995007680491551459,237,21,21,212300797849462386
elastic,replayed_callbacks,101,thetashield,500000,810,2823252000000000000,-1303400766191740425852,12429067274290671500,131578947368421052,376543209876543209,3498000000000000000000,3475000000000000000000,23000000000000000000,993424814179531160,978918423464711274,1000000000000000000,238,0,0,
elastic,replayed_callbacks,101,coverage_thetashield,450000,800,2786997000000000000,-1303437021191740425852,12429067274290671500,131578947368421052,376543209876543209,3498000000000000000000,3475000000000000000000,23000000000000000000,993424814179531160,978918423464711274,1000000000000000000,238,21,21,228477709802473716
elastic,replayed_callbacks,211,thetashield,500000,858,3048741000000000000,-1740483207668133950492,13500963485009633500,65573770491803278,370588235294117647,3771000000000000000000,3636000000000000000000,135000000000000000000,964200477326968973,994169096209912536,952954048140043763,231,0,0,
elastic,replayed_callbacks,211,coverage_thetashield,450000,846,3008882000000000000,-1740523066668133950492,13500963485009633500,65573770491803278,370588235294117647,3771000000000000000000,3636000000000000000000,135000000000000000000,964200477326968973,994169096209912536,952954048140043763,231,20,20,254989121703546554
elastic,replayed_callbacks,307,thetashield,500000,926,3240981000000000000,-1893860325548260582651,13329573843295737100,158730158730158730,298245614035087719,3564000000000000000000,3465000000000000000000,99000000000000000000,972222222222222222,941302027748132337,983250856490293110,234,0,0,
elastic,replayed_callbacks,307,coverage_thetashield,450000,909,3180578000000000000,-1893920728548260582651,13329573843295737100,158730158730158730,298245614035087719,3564000000000000000000,3465000000000000000000,99000000000000000000,972222222222222222,941302027748132337,983250856490293110,234,21,21,371437692541436501
elastic,replayed_callbacks,401,thetashield,500000,833,2972140000000000000,-1593788404709251981013,12844925988449258600,169014084507042253,335329341317365269,3613000000000000000000,3589000000000000000000,24000000000000000000,993357320786050373,1000000000000000000,990283400809716599,238,0,0,
elastic,replayed_callbacks,401,coverage_thetashield,450000,824,2960758000000000000,-1595237884643469367690,12912119269121191400,169014084507042253,333333333333333333,3613000000000000000000,3605000000000000000000,8000000000000000000,997785773595350124,1000000000000000000,996761133603238866,239,21,21,187734404986522929
elastic,replayed_callbacks,503,thetashield,500000,765,2601290000000000000,-1379141165202461315796,11848222838482227200,146666666666666666,405063291139240506,3536000000000000000000,3424000000000000000000,112000000000000000000,968325791855203619,958018471872376154,973560767590618336,233,0,0,
elastic,replayed_callbacks,503,coverage_thetashield,450000,759,2583183000000000000,-1379159272202461315796,11848222838482227200,146666666666666666,405063291139240506,3536000000000000000000,3424000000000000000000,112000000000000000000,968325791855203619,958018471872376154,973560767590618336,233,20,20,153927721634113628
elastic,out_of_order_callbacks,101,thetashield,500000,679,2466061000000000000,-1430793809925532570819,12813425178134250500,164383561643835616,668674698795180722,3639000000000000000000,3617000000000000000000,22000000000000000000,993954383072272602,981681931723563696,1000000000000000000,239,0,0,
elastic,out_of_order_callbacks,101,coverage_thetashield,450000,676,2455636000000000000,-1430804234925532570819,12813425178134250500,164383561643835616,668674698795180722,3639000000000000000000,3617000000000000000000,22000000000000000000,993954383072272602,981681931723563696,1000000000000000000,239,21,21,240596346385542192
elastic,out_of_order_callbacks,211,thetashield,500000,692,2519008000000000000,-1570780195431372051097,12973716569737164400,98591549295774647,595238095238095238,3557000000000000000000,3533000000000000000000,24000000000000000000,993252741073938712,1000000000000000000,990453460620525059,239,0,0,
elastic,out_of_order_callbacks,211,coverage_thetashield,450000,685,2492166000000000000,-1570807037431372051097,12973716569737164400,98591549295774647,595238095238095238,3557000000000000000000,3533000000000000000000,24000000000000000000,993252741073938712,1000000000000000000,990453460620525059,239,21,21,111228916626660276
elastic,out_of_order_callbacks,307,thetashield,500000,672,2481695000000000000,-1536267090299919961589,12787828057878279300,120000000000000000,588957055214723926,3747000000000000000000,3706000000000000000000,41000000000000000000,989057912997064318,1000000000000000000,983896307934014139,238,0,0,
elastic,out_of_order_callbacks,307,coverage_thetashield,450000,673,2486514000000000000,-1521204801455277882793,12785628277856281500,81081081081081081,582822085889570552,3747000000000000000000,3684000000000000000000,63000000000000000000,983186549239391513,981681931723563696,983896307934014139,237,21,21,209332365129500968
elastic,out_of_order_callbacks,401,thetashield,500000,726,2519738000000000000,-1491849716594591221503,12903920569039204400,136363636363636363,568047337278106508,3514000000000000000000,3455000000000000000000,59000000000000000000,983210017074558907,987841945288753799,981400870597546497,235,0,0,
elastic,out_of_order_callbacks,401,coverage_thetashield,450000,723,2505658000000000000,-1491863796594591221503,12903920569039204400,136363636363636363,568047337278106508,3514000000000000000000,3455000000000000000000,59000000000000000000,983210017074558907,987841945288753799,981400870597546497,235,21,21,202681556451612923
elastic,out_of_order_callbacks,503,thetashield,500000,689,2504166000000000000,-1184728876783254222916,12891121488911213600,93333333333333333,604938271604938271,3628000000000000000000,3588000000000000000000,40000000000000000000,988974641675854465,989738805970149253,988654147104851330,237,0,0,
elastic,out_of_order_callbacks,503,coverage_thetashield,450000,686,2493473000000000000,-1184739569783254222916,12891121488911213600,93333333333333333,604938271604938271,3628000000000000000000,3588000000000000000000,40000000000000000000,988974641675854465,989738805970149253,988654147104851330,237,21,20,238933903675538680
elastic,fee_oscillation,101,thetashield,500000,500,1811000000000000000,-7772188992621483584,8715646837156467500,0,1000000000000000000,3622000000000000000000,3622000000000000000000,0,1000000000000000000,1000000000000000000,1000000000000000000,240,0,0,
elastic,fee_oscillation,101,coverage_thetashield,450000,500,1811000000000000000,-7772188992621483584,8715646837156467500,0,1000000000000000000,3622000000000000000000,3622000000000000000000,0,1000000000000000000,1000000000000000000,1000000000000000000,240,21,14,2187281250000000218
elastic,fee_oscillation,211,thetashield,500000,500,1791500000000000000,-28741605536693599506,8070351260703511800,0,1000000000000000000,3583000000000000000000,3583000000000000000000,0,1000000000000000000,1000000000000000000,1000000000000000000,240,0,0,
elastic,fee_oscillation,211,coverage_thetashield,450000,500,1791500000000000000,-28741605536693599506,8070351260703511800,0,1000000000000000000,3583000000000000000000,3583000000000000000000,0,1000000000000000000,1000000000000000000,1000000000000000000,240,21,15,3182136363636363954
elastic,fee_oscillation,307,thetashield,500000,500,1834500000000000000,-11904885915166154619,8680665506806654200,0,1000000000000000000,3669000000000000000000,3669000000000000000000,0,1000000000000000000,1000000000000000000,1000000000000000000,240,0,0,
elastic,fee_oscillation,307,coverage_thetashield,450000,500,1834500000000000000,-11904885915166154619,8680665506806654200,0,1000000000000000000,3669000000000000000000,3669000000000000000000,0,1000000000000000000,1000000000000000000,1000000000000000000,240,21,13,3859081521739130820
elastic,fee_oscillation,401,thetashield,500000,500,1773000000000000000,-1714568560294564699,8222640552226404700,0,1000000000000000000,3546000000000000000000,3546000000000000000000,0,1000000000000000000,1000000000000000000,1000000000000000000,240,0,0,
elastic,fee_oscillation,401,coverage_thetashield,450000,500,1773000000000000000,-1714568560294564699,8222640552226404700,0,1000000000000000000,3546000000000000000000,3546000000000000000000,0,1000000000000000000,1000000000000000000,1000000000000000000,240,20,13,2410117529880478328
elastic,fee_oscillation,503,thetashield,500000,500,1796000000000000000,-14536946944044042319,8643284176432840900,0,1000000000000000000,3592000000000000000000,3592000000000000000000,0,1000000000000000000,1000000000000000000,1000000000000000000,240,0,0,
elastic,fee_oscillation,503,coverage_thetashield,450000,500,1796000000000000000,-14536946944044042319,8643284176432840900,0,1000000000000000000,3592000000000000000000,3592000000000000000000,0,1000000000000000000,1000000000000000000,1000000000000000000,240,21,15,285215223635617591
